{
  "default_kernel_bench": 0.103064,
  "n_series": [
    8,
    16,
    32,
    64,
    128,
    256,
    512,
    1024,
    2048,
    4096,
    8192
  ],
  "tacoverse_build_time": 19.209289363,
  "default_p_series": [
    0.163541,
    0.0793804,
    0.0384718,
    0.0190495,
    0.0093407,
    0.00449123,
    0.00208804,
    0.000975178,
    0.000567365,
    0.000364092,
    0.000212846
  ],
  "auto_p_series": [
    0.140048,
    0.0678362,
    0.0326135,
    0.016207,
    0.00802652,
    0.00392332,
    0.00190361,
    0.000924471,
    0.000452592,
    0.000182221,
    7.1207e-5
  ],
  "tacotier_length": 104,
  "tacotier_bench": [
    0.0889946,
    0.0879176,
    0.089086,
    0.0894144,
    0.0879347,
    0.106501,
    0.0969079,
    0.0883075,
    0.0883888,
    0.0896112,
    0.0892582,
    0.0879928,
    0.108048,
    0.0957324,
    0.0953043,
    0.0878175,
    0.0987294,
    0.0895974,
    0.0889417,
    0.0877062,
    0.0891361,
    0.0879167,
    0.0891869,
    0.0897753,
    0.0884296,
    0.108276,
    0.0877183,
    0.0897748,
    0.0879042,
    0.096052,
    0.0893757,
    0.0895083,
    0.0894681,
    0.0894558,
    0.0907832,
    0.0941701,
    0.0897647,
    0.0911083,
    0.0899975,
    0.0895623,
    0.0887053,
    0.0883413,
    0.0908532,
    0.0953887,
    0.0887802,
    0.089235,
    0.0899648,
    0.0899788,
    0.0891263,
    0.0880722,
    0.0888674,
    0.0979082,
    0.0880416,
    0.0955105,
    0.0889535,
    0.106025,
    0.0953325,
    0.091214,
    0.0887215,
    0.0879584,
    0.0875296,
    0.0889219,
    0.108914,
    0.0910057,
    0.0879404,
    0.0905895,
    0.0880707,
    0.0879809,
    0.0959496,
    0.0909594,
    0.0890191,
    0.0890234,
    0.0878656,
    0.0890338,
    0.0878681,
    0.0979201,
    0.0879546,
    0.0884121,
    0.0889355,
    0.107261,
    0.0892186,
    0.107813,
    0.09081,
    0.0961386,
    0.0888498,
    0.106578,
    0.0959671,
    0.0962742,
    0.0909298,
    0.0903849,
    0.0891945,
    0.0945733,
    0.0878625,
    0.0876796,
    0.089855,
    0.0889469,
    0.0875026,
    0.0882635,
    0.0876288,
    0.0889322,
    0.0895395,
    0.0894714,
    0.0896323,
    0.0897854
  ],
  "N": 16384,
  "tacotier_filter_time": 270.099596141,
  "p_series": [
    0.015625,
    0.0078125,
    0.00390625,
    0.001953125,
    0.0009765625,
    0.00048828125,
    0.000244140625,
    0.0001220703125,
    6.103515625e-5,
    3.0517578125e-5,
    1.52587890625e-5
  ],
  "sample_mean_tacoverse_bench": 0.5186168499999999,
  "default_n_series": [
    1.2698e-5,
    1.3362e-5,
    1.332e-5,
    1.3835e-5,
    1.5055e-5,
    2.3309e-5,
    9.6825e-5,
    0.000380282,
    0.0015138,
    0.00611324,
    0.0246112
  ],
  "auto_n_series": [
    1.2694e-5,
    1.3502e-5,
    1.4198e-5,
    1.3523e-5,
    1.5432e-5,
    2.4202e-5,
    8.4712e-5,
    0.000333814,
    0.00130244,
    0.00520429,
    0.0208939
  ],
  "tacoverse_length": 280
}
