{
  "default_kernel_bench": 2.2585e-5,
  "frontier_length": 64,
  "n_series": [
    10,
    100,
    1000,
    10000
  ],
  "tacoverse_build_time": 4.266002002,
  "default_p_series": [
    2.264e-5,
    2.3081e-5,
    2.2825e-5,
    2.3118e-5
  ],
  "auto_p_series": [
    1.1702e-5,
    9.504e-6,
    9.195e-6,
    1.0803e-5
  ],
  "tacotier_length": 12,
  "tacotier_bench": [
    1.1848e-5,
    1.1716e-5,
    1.147e-5,
    1.5135e-5,
    1.5335e-5,
    1.1859e-5,
    1.1389e-5,
    1.203e-5,
    4.8477e-5,
    5.9612e-5,
    5.0148e-5,
    5.8708e-5
  ],
  "tacotier_filter_time": 4.923690445,
  "p_series": [
    0.010000000000000002,
    0.0010000000000000002,
    0.00010000000000000005,
    1.0000000000000003e-5
  ],
  "sample_mean_tacoverse_bench": 2.4945392857142853e-5,
  "frontier_filter_time": 46.327870385,
  "default_n_series": [
    9.086e-6,
    9.217e-6,
    1.0402e-5,
    2.263e-5
  ],
  "universe_length": 392,
  "auto_n_series": [
    1.0691e-5,
    9.347e-6,
    9.251e-6,
    1.1909e-5
  ],
  "universe_build_time": 0.143137934,
  "tacoverse_length": 28
}
