{
  "default_kernel_bench": 2.3078e-5,
  "frontier_length": 392,
  "n_series": [
    10,
    100,
    1000,
    10000
  ],
  "tacoverse_build_time": 4.142494194,
  "default_p_series": [
    2.32e-5,
    2.2887e-5,
    2.3033e-5,
    2.3038e-5
  ],
  "auto_p_series": [
    1.1708e-5,
    9.953e-6,
    9.352e-6,
    1.0232e-5
  ],
  "tacotier_length": 28,
  "tacotier_bench": [
    1.5107e-5,
    1.1249e-5,
    5.8929e-5,
    1.1748e-5,
    1.1543e-5,
    4.918e-5,
    1.6134e-5,
    1.2188e-5,
    1.1396e-5,
    1.1329e-5,
    1.1224e-5,
    5.9026e-5,
    1.1454e-5,
    5.9783e-5,
    5.9351e-5,
    1.1963e-5,
    1.1795e-5,
    4.9916e-5,
    1.1909e-5,
    1.2864e-5,
    1.2461e-5,
    1.2016e-5,
    6.0415e-5,
    1.1669e-5,
    1.1472e-5,
    1.1589e-5,
    1.1703e-5,
    5.957e-5
  ],
  "tacotier_filter_time": 4.773243796,
  "p_series": [
    0.010000000000000002,
    0.0010000000000000002,
    0.00010000000000000005,
    1.0000000000000003e-5
  ],
  "sample_mean_tacoverse_bench": 2.5022071428571427e-5,
  "frontier_filter_time": 137.54030094,
  "default_n_series": [
    8.932e-6,
    9.119e-6,
    1.0506e-5,
    2.2571e-5
  ],
  "universe_length": 392,
  "auto_n_series": [
    1.0248e-5,
    9.632e-6,
    9.881e-6,
    1.2219e-5
  ],
  "universe_build_time": 0.140966562,
  "tacoverse_length": 28
}
