{
  "default_kernel_bench": 0.0423396,
  "frontier_length": 240,
  "n_series": [
    10,
    100,
    1000,
    10000
  ],
  "tacoverse_build_time": 0.929137741,
  "default_p_series": [
    0.042439,
    0.00391127,
    0.000356967,
    7.6118e-5
  ],
  "auto_p_series": [
    0.0424082,
    0.00391306,
    0.000356616,
    7.633e-5
  ],
  "tacotier_length": 16,
  "tacotier_bench": [
    0.0472491,
    0.0427172,
    0.0427614,
    0.0427304,
    0.0473549,
    0.0473364,
    0.0427617,
    0.0423936,
    0.0473511,
    0.0473051,
    0.0428739,
    0.0475062,
    0.0426182,
    0.0482063,
    0.0429648,
    0.0478789
  ],
  "tacotier_filter_time": 17.919294351,
  "p_series": [
    0.010000000000000002,
    0.0010000000000000002,
    0.00010000000000000005,
    1.0000000000000003e-5
  ],
  "sample_mean_tacoverse_bench": 0.17795542499999997,
  "frontier_filter_time": 1116.894945251,
  "default_n_series": [
    1.2653e-5,
    1.4363e-5,
    0.000406556,
    0.0423697
  ],
  "universe_length": 1536,
  "auto_n_series": [
    1.2524e-5,
    1.4272e-5,
    0.000406235,
    0.0424269
  ],
  "universe_build_time": 0.32867191,
  "tacoverse_length": 64
}
