{
  "default_kernel_bench": 0.114931,
  "frontier_length": 240,
  "n_series": [
    8,
    16,
    32,
    64,
    128,
    256,
    512,
    1024,
    2048,
    4096,
    8192
  ],
  "tacoverse_build_time": 0.974059785,
  "default_p_series": [
    0.20043,
    0.0993528,
    0.0475133,
    0.0231284,
    0.0105578,
    0.00503534,
    0.00230113,
    0.00106915,
    0.000567201,
    0.000316769,
    0.000171243
  ],
  "auto_p_series": [
    0.190533,
    0.09445,
    0.0465461,
    0.0224683,
    0.0100655,
    0.00484282,
    0.00226709,
    0.00109448,
    0.000636091,
    0.000428607,
    0.000232271
  ],
  "tacotier_length": 16,
  "tacotier_bench": [
    0.111614,
    0.10977,
    0.123793,
    0.108688,
    0.122023,
    0.12424,
    0.111301,
    0.124618,
    0.124421,
    0.110563,
    0.110528,
    0.12308,
    0.1114,
    0.121489,
    0.10982,
    0.123007
  ],
  "N": 16384,
  "tacotier_filter_time": 16.547233763,
  "p_series": [
    0.015625,
    0.0078125,
    0.00390625,
    0.001953125,
    0.0009765625,
    0.00048828125,
    0.000244140625,
    0.0001220703125,
    6.103515625e-5,
    3.0517578125e-5,
    1.52587890625e-5
  ],
  "sample_mean_tacoverse_bench": 0.471238171875,
  "frontier_filter_time": 1025.318290005,
  "default_n_series": [
    1.2832e-5,
    1.2706e-5,
    1.4783e-5,
    1.3882e-5,
    1.4486e-5,
    2.2579e-5,
    0.000108414,
    0.000427312,
    0.00171185,
    0.00691545,
    0.0280087
  ],
  "universe_length": 1536,
  "auto_n_series": [
    1.2782e-5,
    1.3866e-5,
    1.3238e-5,
    1.4351e-5,
    1.6224e-5,
    2.4395e-5,
    0.000105413,
    0.000415102,
    0.00163017,
    0.00655898,
    0.0264905
  ],
  "universe_build_time": 0.341645128,
  "tacoverse_length": 64
}
