{
  "default_kernel_bench": 1.17143,
  "n_series": [
    8,
    16,
    32,
    64,
    128,
    256
  ],
  "tacoverse_build_time": 24.185193348,
  "default_p_series": [
    1.82543,
    0.956241,
    0.564261,
    0.338518,
    0.213042,
    0.136832,
    0.0844377,
    0.0437634,
    0.0220739,
    0.0125766,
    0.00632488
  ],
  "auto_p_series": [
    0.716926,
    0.36879,
    0.194197,
    0.107891,
    0.0542657,
    0.0281525,
    0.0139732,
    0.00734408,
    0.00376725,
    0.00199003,
    0.0010953
  ],
  "tacotier_length": 260,
  "tacotier_bench": [
    2.31613,
    2.1629,
    0.516714,
    2.08108,
    1.93644,
    0.828584,
    0.724466,
    2.31727,
    1.91848,
    2.12755,
    2.62536,
    0.461037,
    1.92568,
    0.522745,
    0.497986,
    2.66313,
    1.92613,
    2.63942,
    2.23235,
    2.66051,
    0.459026,
    1.96476,
    1.29365,
    0.909056,
    0.455972,
    0.514439,
    0.848291,
    1.72786,
    2.65805,
    0.80171,
    2.22446,
    1.87186,
    1.93488,
    2.6298,
    0.470346,
    0.497728,
    2.12721,
    1.91619,
    2.70016,
    0.469255,
    2.68317,
    0.845457,
    2.08052,
    2.08094,
    2.66413,
    2.65531,
    0.791515,
    0.822552,
    0.466396,
    2.31487,
    2.6556,
    0.470594,
    1.2944,
    2.6835,
    0.810811,
    2.16388,
    1.29429,
    1.73004,
    1.44046,
    2.1642,
    1.88172,
    0.503516,
    1.43728,
    0.461755,
    2.12719,
    0.485352,
    0.502665,
    0.472283,
    0.463305,
    2.5353,
    2.07844,
    0.462146,
    2.6588,
    0.761696,
    0.522456,
    0.527909,
    1.2945,
    1.72136,
    1.72085,
    1.93478,
    0.517069,
    2.1645,
    0.482951,
    0.458634,
    1.44111,
    0.469197,
    1.73246,
    1.44139,
    1.7321,
    0.864213,
    2.31511,
    2.60954,
    0.523551,
    2.16411,
    2.16288,
    1.96838,
    2.63063,
    2.65798,
    0.520242,
    0.461855,
    0.865991,
    0.460819,
    0.461881,
    1.96492,
    0.469931,
    1.96789,
    0.522987,
    1.2944,
    0.470146,
    0.794663,
    2.68368,
    2.12856,
    0.523277,
    0.815414,
    2.6573,
    0.74395,
    2.2241,
    2.12889,
    2.31636,
    2.70064,
    2.65706,
    2.23246,
    1.724,
    1.96203,
    0.453879,
    0.461612,
    1.73231,
    2.68514,
    0.462299,
    2.65686,
    1.93528,
    0.77705,
    0.771079,
    0.470382,
    0.823483,
    0.562494,
    2.62628,
    0.466537,
    2.0789,
    2.68103,
    0.463343,
    2.70932,
    1.96017,
    0.482925,
    0.462265,
    2.16147,
    1.72166,
    2.65481,
    0.859017,
    1.96474,
    0.532917,
    1.44055,
    2.65794,
    2.2329,
    2.56045,
    0.473627,
    1.73007,
    0.482371,
    2.07799,
    1.78845,
    2.68202,
    0.501388,
    1.2944,
    1.87791,
    1.96776,
    1.72132,
    0.520878,
    0.47038,
    1.44192,
    2.65851,
    2.53242,
    1.73185,
    2.62825,
    0.907898,
    1.72751,
    2.22142,
    0.505608,
    2.31555,
    0.739781,
    1.78881,
    2.31719,
    0.467911,
    1.43658,
    2.12917,
    2.08091,
    1.93633,
    1.72401,
    1.72267,
    0.458453,
    0.459872,
    1.44114,
    0.827345,
    0.45901,
    0.540057,
    2.12845,
    0.927088,
    1.72964,
    0.47057,
    0.461711,
    1.96745,
    2.71098,
    2.23401,
    2.73861,
    2.6658,
    2.68576,
    2.22454,
    1.73081,
    0.725415,
    2.22384,
    2.68668,
    2.65321,
    1.72394,
    2.31647,
    2.12656,
    0.458751,
    1.96459,
    2.23302,
    1.43912,
    2.07598,
    1.93582,
    0.463129,
    0.473327,
    2.31221,
    0.459816,
    2.12771,
    0.453853,
    0.505533,
    0.469138,
    1.29456,
    1.73154,
    2.07788,
    1.44222,
    0.459281,
    0.506569,
    1.29484,
    1.96805,
    1.92923,
    2.07985,
    1.73008,
    0.522496,
    2.13245,
    2.16489,
    2.73137,
    2.63212,
    2.68222,
    0.517811,
    1.967,
    2.31496,
    1.92553,
    1.73149,
    1.87845,
    0.455768,
    1.72283,
    2.65546,
    0.458945,
    1.7237,
    2.53568,
    1.91781,
    0.491762,
    0.518313
  ],
  "N": 512,
  "tacotier_filter_time": 607.22568453,
  "p_series": [
    0.015625,
    0.0078125,
    0.00390625,
    0.001953125,
    0.0009765625,
    0.00048828125,
    0.000244140625,
    0.0001220703125,
    6.103515625e-5,
    3.0517578125e-5,
    1.52587890625e-5
  ],
  "sample_mean_tacoverse_bench": 7.5712872,
  "default_n_series": [
    1.3209e-5,
    1.5663e-5,
    4.3846e-5,
    0.000444314,
    0.00600292,
    0.0826762
  ],
  "auto_n_series": [
    1.336e-5,
    1.4718e-5,
    2.4618e-5,
    0.000152242,
    0.00220799,
    0.0322231
  ],
  "tacoverse_length": 1056
}
