{
  "default_kernel_bench": 5.718679231,
  "n_series": [
    8,
    16,
    32,
    64,
    128,
    256,
    512
  ],
  "tacoverse_build_time": 25.670369388,
  "default_p_series": [
    7.185351908,
    5.177453246000001,
    4.0647825300000004,
    2.6833668160000004,
    1.2534472140000001,
    0.448584215,
    0.140894457,
    0.042270038,
    0.013081230000000001,
    0.006235639,
    0.0036760060000000003
  ],
  "auto_p_series": [
    0.167220228,
    0.056309830000000005,
    0.015272846000000001,
    0.004353765,
    0.001005702,
    0.000184544,
    5.3108e-5,
    1.7399e-5,
    1.4210000000000001e-5,
    1.3225000000000001e-5,
    1.3763e-5
  ],
  "tacotier_length": 23,
  "tacotier_bench": [
    0.905627225,
    0.9077925090000001,
    0.915816983,
    0.9116500780000001,
    0.9457201430000001,
    0.917376093,
    5.750286443,
    0.095811378,
    0.916504121,
    0.08967921400000001,
    0.08961247800000001,
    5.88078341,
    5.2256017340000005,
    0.907870543,
    0.913390236,
    0.089342608,
    0.08954787700000001,
    5.158324636000001,
    0.901301282,
    0.9050640670000001,
    0.097559291,
    5.841597983000001,
    0.943304746
  ],
  "N": 1024,
  "tacotier_filter_time": 111.243394073,
  "p_series": [
    0.015625,
    0.0078125,
    0.00390625,
    0.001953125,
    0.0009765625,
    0.00048828125,
    0.000244140625,
    0.0001220703125,
    6.103515625e-5,
    3.0517578125e-5,
    1.52587890625e-5
  ],
  "default_n_series": [
    1.1431000000000001e-5,
    1.3498e-5,
    2.1570000000000002e-5,
    0.00024311900000000003,
    0.003542898,
    0.052092493000000004,
    0.595855123
  ],
  "auto_n_series": [
    1.1567000000000001e-5,
    1.2158000000000001e-5,
    1.3104e-5,
    1.4687e-5,
    4.7466e-5,
    0.0005706190000000001,
    0.007406065000000001
  ],
  "tacoverse_length": 384
}
