{
  "default_kernel_bench": 5.729523105,
  "n_series": [
    8,
    16,
    32,
    64,
    128,
    256,
    512
  ],
  "tacoverse_build_time": 23.455068903,
  "default_p_series": [
    7.178696146,
    5.212657096,
    4.082172402,
    2.644553454,
    1.27833456,
    0.45003977700000003,
    0.14454827,
    0.042960189,
    0.013660283,
    0.005197022,
    0.0035741910000000004
  ],
  "auto_p_series": [
    0.167286491,
    0.055689906000000004,
    0.015274605,
    0.004349586,
    0.000997595,
    0.000192756,
    4.8183e-5,
    1.7366e-5,
    1.4768000000000002e-5,
    1.2950000000000001e-5,
    1.2460000000000001e-5
  ],
  "tacotier_length": 23,
  "tacotier_bench": [
    0.9046027510000001,
    5.187327722,
    0.9150806380000001,
    0.917881448,
    0.911837054,
    0.089597667,
    0.916149697,
    0.916922585,
    0.905883788,
    0.090711994,
    5.1059412260000006,
    6.044742971000001,
    0.09748731000000001,
    5.735343892,
    0.901468731,
    0.9532386110000001,
    0.941786322,
    5.7079104,
    0.096882679,
    0.088099641,
    0.08984866600000001,
    0.911722699,
    0.904206955
  ],
  "N": 1024,
  "tacotier_filter_time": 150.218115008,
  "p_series": [
    0.015625,
    0.0078125,
    0.00390625,
    0.001953125,
    0.0009765625,
    0.00048828125,
    0.000244140625,
    0.0001220703125,
    6.103515625e-5,
    3.0517578125e-5,
    1.52587890625e-5
  ],
  "default_n_series": [
    1.1157e-5,
    1.2079e-5,
    2.2861e-5,
    0.00022943300000000002,
    0.003446288,
    0.053904305000000007,
    0.587822731
  ],
  "auto_n_series": [
    1.1979e-5,
    1.2269e-5,
    1.2455e-5,
    1.4672000000000001e-5,
    5.4131e-5,
    0.0005988580000000001,
    0.007269849
  ],
  "tacoverse_length": 384
}
