{
  "default_kernel_bench": 13.074839233,
  "frontier_length": 292,
  "n_series": [
    8,
    16,
    32,
    64,
    128,
    256,
    512,
    1024
  ],
  "tacoverse_build_time": 2.595894599,
  "default_p_series": [
    31.823274817,
    7.984379736,
    1.9889081140000002,
    0.5075798530000001,
    0.13447878000000002,
    0.052941531,
    0.029541078000000002,
    0.022256724000000002,
    0.021828626,
    0.021533459,
    0.021137584
  ],
  "auto_p_series": [
    0.138853383,
    0.087904045,
    0.046892468,
    0.030205839,
    0.016687637,
    0.007137073000000001,
    0.004152628,
    0.0024476710000000002,
    0.001441543,
    0.0008714870000000001,
    0.0006136630000000001
  ],
  "tacotier_length": 4,
  "tacotier_bench": [
    0.10142588400000001,
    0.101446196,
    0.10255897900000001,
    0.101942693
  ],
  "N": 2048,
  "tacotier_filter_time": 3.327393472,
  "p_series": [
    0.015625,
    0.0078125,
    0.00390625,
    0.001953125,
    0.0009765625,
    0.00048828125,
    0.000244140625,
    0.0001220703125,
    6.103515625e-5,
    3.0517578125e-5,
    1.52587890625e-5
  ],
  "frontier_filter_time": 5376.655990174,
  "default_n_series": [
    1.0659e-5,
    1.1448000000000001e-5,
    1.3411000000000001e-5,
    2.3706000000000003e-5,
    0.00024200000000000003,
    0.003488671,
    0.052357533000000005,
    0.8227547420000001
  ],
  "universe_length": 20736,
  "auto_n_series": [
    1.1471e-5,
    1.1093e-5,
    1.1750000000000001e-5,
    1.6383000000000002e-5,
    4.7873e-5,
    0.000205441,
    0.0013406490000000002,
    0.013284780000000001
  ],
  "universe_build_time": 4.832094653,
  "tacoverse_length": 32
}
