{
  "default_kernel_bench": 13.068298102,
  "n_series": [
    8,
    16,
    32,
    64,
    128,
    256,
    512,
    1024
  ],
  "tacoverse_build_time": 2.494622471,
  "default_p_series": [
    31.686382894,
    7.981370732,
    1.9891714550000001,
    0.505320811,
    0.13664361900000002,
    0.053961293,
    0.029046428000000003,
    0.023742841,
    0.021298340000000002,
    0.02189854,
    0.021672537000000002
  ],
  "auto_p_series": [
    0.140038076,
    0.08668719300000001,
    0.046179525000000006,
    0.029306494000000002,
    0.025166522,
    0.010450405000000001,
    0.0032155100000000004,
    0.0004957690000000001,
    0.000165455,
    6.482100000000001e-5,
    3.152e-5
  ],
  "tacotier_length": 2,
  "tacotier_bench": [
    0.100924517,
    0.102150826
  ],
  "N": 2048,
  "tacotier_filter_time": 3.847046954,
  "p_series": [
    0.015625,
    0.0078125,
    0.00390625,
    0.001953125,
    0.0009765625,
    0.00048828125,
    0.000244140625,
    0.0001220703125,
    6.103515625e-5,
    3.0517578125e-5,
    1.52587890625e-5
  ],
  "default_n_series": [
    1.1112000000000001e-5,
    1.1764000000000001e-5,
    1.3372e-5,
    2.5071e-5,
    0.000285665,
    0.0034288540000000003,
    0.052064585000000004,
    0.8150166050000001
  ],
  "auto_n_series": [
    1.0995e-5,
    1.1733000000000001e-5,
    1.2134000000000001e-5,
    1.3441e-5,
    3.4871000000000005e-5,
    0.000190249,
    0.0013216950000000001,
    0.016143778
  ],
  "tacoverse_length": 32
}
