{
  "default_kernel_bench": 5.088849089,
  "frontier_length": 12,
  "n_series": [
    8,
    16,
    32,
    64,
    128,
    256,
    512,
    1024,
    2048
  ],
  "tacoverse_build_time": 0.091819441,
  "default_p_series": [
    7.926613498000001,
    3.9894015680000003,
    2.0262605010000003,
    1.034659985,
    0.5415355500000001,
    0.297030875,
    0.193481012,
    0.150657539,
    0.11450378900000001,
    0.09410051000000001,
    0.083438228
  ],
  "auto_p_series": [
    0.6222381640000001,
    0.18663937500000002,
    0.043188936000000004,
    0.009480853000000001,
    0.0020284400000000003,
    0.00048170600000000004,
    0.000171256,
    0.00010549000000000001,
    7.6047e-5,
    6.420400000000001e-5,
    6.179300000000001e-5
  ],
  "tacotier_length": 4,
  "tacotier_bench": [
    0.297955028,
    0.299083011,
    0.297297711,
    0.298345264
  ],
  "N": 4096,
  "tacotier_filter_time": 0.827462367,
  "p_series": [
    0.015625,
    0.0078125,
    0.00390625,
    0.001953125,
    0.0009765625,
    0.00048828125,
    0.000244140625,
    0.0001220703125,
    6.103515625e-5,
    3.0517578125e-5,
    1.52587890625e-5
  ],
  "frontier_filter_time": 5.333139141,
  "default_n_series": [
    8.421000000000001e-6,
    8.703000000000001e-6,
    1.0171000000000001e-5,
    1.8475000000000002e-5,
    0.00013326,
    0.0011733660000000001,
    0.009666058,
    0.078677827,
    0.6430496360000001
  ],
  "universe_length": 96,
  "auto_n_series": [
    8.543000000000001e-6,
    9.121000000000001e-6,
    8.759e-6,
    1.019e-5,
    1.3542e-5,
    4.7468e-5,
    0.00041795900000000003,
    0.003755083,
    0.034073387000000004
  ],
  "universe_build_time": 0.011074513,
  "tacoverse_length": 16
}
