{
  "default_kernel_bench": 0.207372,
  "frontier_length": 132,
  "tacoverse_build_time": 2.194483955,
  "tacotier_length": 10,
  "tacotier_bench": [
    0.13953,
    0.13806,
    0.150869,
    0.0769526,
    0.136187,
    0.136741,
    0.091502,
    0.138241,
    0.135681,
    0.137554
  ],
  "tacotier_filter_time": 10.631361029,
  "sample_mean_tacoverse_bench": 0.08947204800000001,
  "frontier_filter_time": 1679.412125221,
  "universe_length": 20736,
  "universe_build_time": 3.676966478,
  "tacoverse_length": 96
}
