{
  "default_kernel_bench": 132.301,
  "frontier_length": 12,
  "n_series": [
    10,
    100,
    1000,
    10000
  ],
  "tacoverse_build_time": 0.128651103,
  "default_p_series": [
    132.109,
    15.679,
    1.61848,
    0.0691805
  ],
  "auto_p_series": [
    5.2399,
    0.0562648,
    0.000480901,
    3.5881e-5
  ],
  "tacotier_length": 4,
  "tacotier_bench": [
    5.23469,
    5.22965,
    5.23607,
    5.23116
  ],
  "tacotier_filter_time": 1.266288105,
  "p_series": [
    0.010000000000000002,
    0.0010000000000000002,
    0.00010000000000000005,
    1.0000000000000003e-5
  ],
  "sample_mean_tacoverse_bench": 51.2926025,
  "frontier_filter_time": 7.742235129,
  "default_n_series": [
    1.1042e-5,
    2.7345e-5,
    0.0310568,
    131.067
  ],
  "universe_length": 96,
  "auto_n_series": [
    1.1893e-5,
    1.3975e-5,
    0.00462645,
    5.21778
  ],
  "universe_build_time": 0.013859487,
  "tacoverse_length": 16
}
