{
  "default_kernel_bench": 0.246515,
  "frontier_length": 292,
  "n_series": [
    16,
    32,
    64,
    128,
    256,
    512,
    1024
  ],
  "tacoverse_build_time": 3.769200707,
  "default_p_series": [
    0.241237,
    0.00499789,
    0.000167589,
    3.7169e-5
  ],
  "auto_p_series": [
    0.107194,
    0.0304415,
    0.000446491,
    3.2185e-5
  ],
  "tacotier_length": 10,
  "tacotier_bench": [
    0.224472,
    0.220574,
    0.110189,
    0.218778,
    0.218885,
    0.221468,
    0.225641,
    0.22681,
    0.224397,
    0.107671
  ],
  "N": 1024,
  "tacotier_filter_time": 26.392612341,
  "p_series": [
    0.010000000000000002,
    0.0010000000000000002,
    0.00010000000000000005,
    1.0000000000000003e-5
  ],
  "sample_mean_tacoverse_bench": 0.15206108020833337,
  "frontier_filter_time": 7235.021756002,
  "default_n_series": [
    1.4022e-5,
    1.5628e-5,
    2.0012e-5,
    8.4966e-5,
    0.00136113,
    0.0175224,
    0.242508
  ],
  "universe_length": 20736,
  "auto_n_series": [
    1.5046e-5,
    1.7323e-5,
    4.6554e-5,
    0.000301537,
    0.00272676,
    0.0210185,
    0.108497
  ],
  "universe_build_time": 6.528386738,
  "tacoverse_length": 96
}
