{
  "default_kernel_bench": 0.562521,
  "frontier_length": 12,
  "n_series": [
    16,
    32,
    64,
    128,
    256,
    512,
    1024,
    2048
  ],
  "tacoverse_build_time": 0.122455864,
  "default_p_series": [
    0.542327,
    0.0719336,
    0.00232239,
    0.000147392
  ],
  "auto_p_series": [
    0.0450873,
    0.000328446,
    5.1089e-5,
    4.4815e-5
  ],
  "tacotier_length": 4,
  "tacotier_bench": [
    0.0473699,
    0.0471811,
    0.0448029,
    0.0452671
  ],
  "N": 2048,
  "tacotier_filter_time": 1.177783939,
  "p_series": [
    0.010000000000000002,
    0.0010000000000000002,
    0.00010000000000000005,
    1.0000000000000003e-5
  ],
  "sample_mean_tacoverse_bench": 0.45094391249999993,
  "frontier_filter_time": 7.637901405,
  "default_n_series": [
    1.1017e-5,
    1.1854e-5,
    1.5515e-5,
    4.2324e-5,
    0.000467282,
    0.00365217,
    0.0299914,
    0.547444
  ],
  "universe_length": 96,
  "auto_n_series": [
    1.1776e-5,
    1.127e-5,
    1.2518e-5,
    1.6487e-5,
    6.299e-5,
    0.000551742,
    0.00492919,
    0.0449746
  ],
  "universe_build_time": 0.013917807,
  "tacoverse_length": 16
}
