{
  "default_kernel_bench": 1.4427206430000001,
  "n_series": [
    8,
    16,
    32,
    64,
    128,
    256,
    512,
    1024
  ],
  "tacoverse_build_time": 4.589514425,
  "default_p_series": [
    2.2714373890000004,
    1.115109519,
    0.535156022,
    0.24327220800000002,
    0.110995544,
    0.058330629,
    0.031990928,
    0.026331844,
    0.024799518000000003,
    0.024603425,
    0.024286813
  ],
  "auto_p_series": [
    0.001113607,
    0.00034686200000000003,
    0.00017120400000000002,
    0.00010605200000000001,
    7.0228e-5,
    4.4523e-5,
    2.6849000000000003e-5,
    1.8371e-5,
    1.5542e-5,
    1.3407e-5,
    1.234e-5
  ],
  "tacotier_length": 4,
  "tacotier_bench": [
    0.000503291,
    0.000503147,
    0.0005025790000000001,
    0.000507251
  ],
  "N": 2048,
  "tacotier_filter_time": 17.381842373,
  "p_series": [
    0.015625,
    0.0078125,
    0.00390625,
    0.001953125,
    0.0009765625,
    0.00048828125,
    0.000244140625,
    0.0001220703125,
    6.103515625e-5,
    3.0517578125e-5,
    1.52587890625e-5
  ],
  "default_n_series": [
    1.0091e-5,
    1.0988e-5,
    1.3324000000000002e-5,
    2.4614000000000002e-5,
    0.000170924,
    0.002075542,
    0.019537676,
    0.17004290700000002
  ],
  "auto_n_series": [
    1.1808000000000001e-5,
    1.1306000000000002e-5,
    1.165e-5,
    1.1613e-5,
    1.2144000000000001e-5,
    1.6863e-5,
    3.6973e-5,
    0.000120432
  ],
  "tacoverse_length": 144
}
