{
  "default_kernel_bench": 1.4391989980000002,
  "n_series": [
    8,
    16,
    32,
    64,
    128,
    256,
    512,
    1024
  ],
  "tacoverse_build_time": 5.254472299,
  "default_p_series": [
    2.271806627,
    1.1147584830000001,
    0.535063567,
    0.244974824,
    0.11048387600000001,
    0.056144315,
    0.033056390000000005,
    0.026681832000000003,
    0.025386782,
    0.024928612000000003,
    0.024752484
  ],
  "auto_p_series": [
    0.0011218130000000002,
    0.00035386200000000004,
    0.000172625,
    0.00010265400000000001,
    6.924700000000001e-5,
    4.3906e-5,
    2.7248e-5,
    1.8542e-5,
    1.5044e-5,
    1.3378000000000001e-5,
    1.2070000000000001e-5
  ],
  "tacotier_length": 4,
  "tacotier_bench": [
    0.0005097750000000001,
    0.000508437,
    0.0006072520000000001,
    0.000510327
  ],
  "N": 2048,
  "tacotier_filter_time": 15.412331237,
  "p_series": [
    0.015625,
    0.0078125,
    0.00390625,
    0.001953125,
    0.0009765625,
    0.00048828125,
    0.000244140625,
    0.0001220703125,
    6.103515625e-5,
    3.0517578125e-5,
    1.52587890625e-5
  ],
  "default_n_series": [
    1.0599000000000001e-5,
    1.1371e-5,
    1.354e-5,
    2.5821000000000002e-5,
    0.000168555,
    0.002059799,
    0.019269824,
    0.170615763
  ],
  "auto_n_series": [
    1.0661e-5,
    1.1156000000000001e-5,
    1.0801e-5,
    1.1313e-5,
    1.2125e-5,
    1.7422e-5,
    3.9002000000000004e-5,
    0.000120365
  ],
  "tacoverse_length": 144
}
