{
  "default_kernel_bench": 5.1021776270000005,
  "frontier_length": 12,
  "n_series": [
    8,
    16,
    32,
    64,
    128,
    256,
    512,
    1024,
    2048
  ],
  "tacoverse_build_time": 0.080175001,
  "default_p_series": [
    7.917993011,
    3.989939644,
    2.024604581,
    1.034260889,
    0.5400883470000001,
    0.29636506900000004,
    0.19489830900000002,
    0.152410457,
    0.11532980300000001,
    0.09460425500000001,
    0.083873496
  ],
  "auto_p_series": [
    0.6212334,
    0.18593642600000002,
    0.045098746,
    0.009513,
    0.002050268,
    0.00048712600000000005,
    0.000170619,
    9.588600000000001e-5,
    6.7952e-5,
    5.912e-5,
    5.3687e-5
  ],
  "tacotier_length": 4,
  "tacotier_bench": [
    0.29735166700000004,
    0.297690503,
    0.298082935,
    0.29753144800000003
  ],
  "N": 4096,
  "tacotier_filter_time": 0.830573388,
  "p_series": [
    0.015625,
    0.0078125,
    0.00390625,
    0.001953125,
    0.0009765625,
    0.00048828125,
    0.000244140625,
    0.0001220703125,
    6.103515625e-5,
    3.0517578125e-5,
    1.52587890625e-5
  ],
  "frontier_filter_time": 5.224136916,
  "default_n_series": [
    9.291000000000001e-6,
    8.465000000000001e-6,
    1.1216e-5,
    1.7851000000000002e-5,
    0.000132514,
    0.001168214,
    0.009813805,
    0.07872987000000001,
    0.6431901240000001
  ],
  "universe_length": 96,
  "auto_n_series": [
    8.801000000000001e-6,
    8.657e-6,
    9.865000000000001e-6,
    9.257000000000001e-6,
    1.3668e-5,
    5.1919e-5,
    0.00041660400000000005,
    0.0037544410000000003,
    0.035752783
  ],
  "universe_build_time": 0.011108195,
  "tacoverse_length": 16
}
