{
  "default_kernel_bench": 0.192314,
  "frontier_length": 28,
  "n_series": [
    10,
    100,
    1000,
    10000
  ],
  "tacoverse_build_time": 0.580858946,
  "default_p_series": [
    0.197963,
    0.00435851,
    0.000217863,
    3.9884e-5
  ],
  "auto_p_series": [
    0.00316231,
    0.000405647,
    0.000190525,
    6.2551e-5
  ],
  "tacotier_length": 16,
  "tacotier_bench": [
    0.00388009,
    0.00321523,
    0.00345552,
    0.0034628,
    0.00346821,
    0.0034579,
    0.00316116,
    0.00344219,
    0.00347031,
    0.00321266,
    0.00390651,
    0.00317709,
    0.00390525,
    0.00389081,
    0.00344182,
    0.00340759
  ],
  "tacotier_filter_time": 4.24029269,
  "p_series": [
    0.010000000000000002,
    0.0010000000000000002,
    0.00010000000000000005,
    1.0000000000000003e-5
  ],
  "sample_mean_tacoverse_bench": 0.0032984937500000005,
  "frontier_filter_time": 18.001218093,
  "default_n_series": [
    1.0102e-5,
    1.0573e-5,
    0.000237297,
    0.197921
  ],
  "universe_length": 144,
  "auto_n_series": [
    1.0991e-5,
    1.0923e-5,
    4.8189e-5,
    0.0031713
  ],
  "universe_build_time": 0.193988832,
  "tacoverse_length": 24
}
