{
  "default_kernel_bench": 0.111886,
  "frontier_length": 28,
  "n_series": [
    16,
    32,
    64,
    128,
    256,
    512,
    1024,
    2048,
    4096,
    8192
  ],
  "tacoverse_build_time": 0.592124721,
  "default_p_series": [
    0.112559,
    0.00251483,
    0.000139822,
    3.2535e-5
  ],
  "auto_p_series": [
    0.0019997,
    0.000303191,
    0.000108012,
    3.4297e-5
  ],
  "tacotier_length": 16,
  "tacotier_bench": [
    0.00236824,
    0.00197655,
    0.00198005,
    0.00217361,
    0.0023682,
    0.00199601,
    0.0021993,
    0.00223225,
    0.00235461,
    0.00197165,
    0.00217919,
    0.00221391,
    0.00224597,
    0.00234844,
    0.00236705,
    0.00221502
  ],
  "N": 8192,
  "tacotier_filter_time": 4.153147293,
  "p_series": [
    0.010000000000000002,
    0.0010000000000000002,
    0.00010000000000000005,
    1.0000000000000003e-5
  ],
  "sample_mean_tacoverse_bench": 0.002104281666666667,
  "frontier_filter_time": 16.467757474,
  "default_n_series": [
    1.0381e-5,
    1.0323e-5,
    1.0768e-5,
    1.075e-5,
    1.3769e-5,
    4.8168e-5,
    0.000252931,
    0.00200782,
    0.0148976,
    0.109886
  ],
  "universe_length": 144,
  "auto_n_series": [
    1.0376e-5,
    1.047e-5,
    1.0783e-5,
    1.1248e-5,
    1.4611e-5,
    2.0205e-5,
    4.9255e-5,
    0.000134559,
    0.000441712,
    0.0019702
  ],
  "universe_build_time": 0.199323925,
  "tacoverse_length": 24
}
