{
  "default_kernel_bench": 0.0029059710000000002,
  "frontier_length": 4,
  "n_series": [
    8,
    16,
    32,
    64,
    128,
    256,
    512,
    1024,
    2048,
    4096,
    8192
  ],
  "tacoverse_build_time": 0.014708933,
  "default_p_series": [
    0.005481329,
    0.0021789590000000003,
    0.001077995,
    0.0005513580000000001,
    0.00030876600000000003,
    0.00020898200000000003,
    0.000162998,
    0.000134485,
    0.00010585700000000001,
    7.9558e-5,
    5.1551e-5
  ],
  "auto_p_series": [
    0.005685057,
    0.0023137590000000003,
    0.001097489,
    0.0005838880000000001,
    0.00033444400000000004,
    0.00021726000000000002,
    0.00017287900000000002,
    0.00012668,
    6.7564e-5,
    3.5823e-5,
    2.4272e-5
  ],
  "tacotier_length": 4,
  "tacotier_bench": [
    0.004916415,
    0.0048605110000000005,
    0.0029412310000000003,
    0.003155292
  ],
  "N": 16384,
  "tacotier_filter_time": 0.088698749,
  "p_series": [
    0.015625,
    0.0078125,
    0.00390625,
    0.001953125,
    0.0009765625,
    0.00048828125,
    0.000244140625,
    0.0001220703125,
    6.103515625e-5,
    3.0517578125e-5,
    1.52587890625e-5
  ],
  "frontier_filter_time": 0.149442365,
  "default_n_series": [
    5.606e-6,
    5.65e-6,
    5.724000000000001e-6,
    5.715e-6,
    5.940000000000001e-6,
    6.632e-6,
    8.710000000000001e-6,
    1.8728e-5,
    4.9533e-5,
    0.000160834,
    0.000598545
  ],
  "universe_length": 8,
  "auto_n_series": [
    7.592e-6,
    7.280000000000001e-6,
    5.983e-6,
    7.456e-6,
    6.1110000000000004e-6,
    7.036e-6,
    8.557000000000001e-6,
    1.9075000000000003e-5,
    5.1285e-5,
    0.00015286300000000002,
    0.000610449
  ],
  "universe_build_time": 0.003698473,
  "tacoverse_length": 4
}
