{
  "default_kernel_bench": 0.7533490180000001,
  "frontier_length": 28,
  "n_series": [
    8,
    16,
    32,
    64,
    128,
    256,
    512,
    1024,
    2048,
    4096,
    8192
  ],
  "tacoverse_build_time": 0.427232939,
  "default_p_series": [
    1.809489984,
    0.46727284300000005,
    0.134094515,
    0.040478354,
    0.012847854,
    0.004244872,
    0.0015106490000000002,
    0.000622425,
    0.00029888,
    0.000163985,
    7.8522e-5
  ],
  "auto_p_series": [
    0.011558361000000001,
    0.005646006,
    0.002281762,
    0.0011701770000000001,
    0.000659141,
    0.00041873,
    0.000330444,
    0.00028097500000000004,
    0.00023212700000000002,
    0.000169523,
    0.00010982300000000001
  ],
  "tacotier_length": 24,
  "tacotier_bench": [
    0.008832017000000001,
    0.011508583000000001,
    0.00827133,
    0.007409344000000001,
    0.009209058000000001,
    0.011053261,
    0.008846236,
    0.009497073,
    0.00918276,
    0.017486391,
    0.019438165,
    0.009101843,
    0.007325426,
    0.019373383,
    0.019543809000000002,
    0.019414525000000002,
    0.019418204,
    0.019509942000000002,
    0.007617520000000001,
    0.019283553000000002,
    0.009178944000000001,
    0.011494558,
    0.009120857000000001,
    0.011202869
  ],
  "N": 16384,
  "tacotier_filter_time": 5.057133883,
  "p_series": [
    0.015625,
    0.0078125,
    0.00390625,
    0.001953125,
    0.0009765625,
    0.00048828125,
    0.000244140625,
    0.0001220703125,
    6.103515625e-5,
    3.0517578125e-5,
    1.52587890625e-5
  ],
  "frontier_filter_time": 12.61213249,
  "default_n_series": [
    7.512e-6,
    8.311e-6,
    7.899e-6,
    7.860000000000001e-6,
    8.201e-6,
    1.1181e-5,
    3.7397e-5,
    0.000193102,
    0.001483018,
    0.011141821000000001,
    0.085847054
  ],
  "universe_length": 144,
  "auto_n_series": [
    7.834e-6,
    7.985e-6,
    8.027000000000001e-6,
    8.104e-6,
    8.553000000000001e-6,
    9.923000000000001e-6,
    1.5060000000000001e-5,
    3.6042000000000005e-5,
    9.7279e-5,
    0.000300154,
    0.0012092980000000001
  ],
  "universe_build_time": 0.132480944,
  "tacoverse_length": 24
}
