{
  "default_kernel_bench": 0.0012003,
  "frontier_length": 4,
  "n_series": [
    10,
    100,
    1000,
    10000
  ],
  "tacoverse_build_time": 0.020231291,
  "default_p_series": [
    0.00121365,
    0.000184776,
    8.3513e-5,
    3.3044e-5
  ],
  "auto_p_series": [
    0.0012272,
    0.000185763,
    8.0339e-5,
    3.2257e-5
  ],
  "tacotier_length": 4,
  "tacotier_bench": [
    0.00193445,
    0.00118855,
    0.00193185,
    0.00120243
  ],
  "tacotier_filter_time": 0.131654082,
  "p_series": [
    0.010000000000000002,
    0.0010000000000000002,
    0.00010000000000000005,
    1.0000000000000003e-5
  ],
  "sample_mean_tacoverse_bench": 0.00157238,
  "frontier_filter_time": 0.224520673,
  "default_n_series": [
    7.427e-6,
    7.534e-6,
    2.5748e-5,
    0.00123759
  ],
  "universe_length": 8,
  "auto_n_series": [
    7.418e-6,
    7.635e-6,
    2.6273e-5,
    0.00121546
  ],
  "universe_build_time": 0.004980678,
  "tacoverse_length": 4
}
