{
  "default_kernel_bench": 0.74856053,
  "frontier_length": 28,
  "n_series": [
    8,
    16,
    32,
    64,
    128,
    256,
    512,
    1024,
    2048,
    4096,
    8192
  ],
  "tacoverse_build_time": 0.411144038,
  "default_p_series": [
    1.99128801,
    0.446830649,
    0.13184716600000002,
    0.040314628000000005,
    0.012418691,
    0.004187838,
    0.001540387,
    0.0006018890000000001,
    0.000297746,
    0.000146069,
    7.5046e-5
  ],
  "auto_p_series": [
    0.014585071000000002,
    0.006903228000000001,
    0.003024536,
    0.001482772,
    0.0007952710000000001,
    0.000459948,
    0.000338146,
    0.000254982,
    0.000139387,
    6.521700000000001e-5,
    4.4448000000000005e-5
  ],
  "tacotier_length": 16,
  "tacotier_bench": [
    0.011768231,
    0.01911737,
    0.019625435,
    0.019326736,
    0.009190568000000001,
    0.019319054000000002,
    0.019416487,
    0.010941304,
    0.018997543000000002,
    0.019576839000000002,
    0.009190362,
    0.011031649000000001,
    0.010877354,
    0.009115444,
    0.00907892,
    0.019247515
  ],
  "N": 16384,
  "tacotier_filter_time": 3.009512153,
  "p_series": [
    0.015625,
    0.0078125,
    0.00390625,
    0.001953125,
    0.0009765625,
    0.00048828125,
    0.000244140625,
    0.0001220703125,
    6.103515625e-5,
    3.0517578125e-5,
    1.52587890625e-5
  ],
  "frontier_filter_time": 12.78985704,
  "default_n_series": [
    8.203000000000001e-6,
    7.646000000000001e-6,
    8.156000000000001e-6,
    7.870000000000001e-6,
    8.315000000000001e-6,
    1.124e-5,
    3.6591e-5,
    0.00019035900000000003,
    0.0015012930000000001,
    0.011266202000000001,
    0.08491628200000001
  ],
  "universe_length": 144,
  "auto_n_series": [
    8.593e-6,
    8.266e-6,
    8.375e-6,
    8.622e-6,
    9.056000000000001e-6,
    1.0444e-5,
    1.4574000000000001e-5,
    3.7195000000000006e-5,
    9.7947e-5,
    0.00032274800000000003,
    0.0015419180000000002
  ],
  "universe_build_time": 0.135761229,
  "tacoverse_length": 24
}
