{
  "default_kernel_bench": 19.4519,
  "frontier_length": 28,
  "n_series": [
    10,
    100,
    1000,
    10000
  ],
  "tacoverse_build_time": 0.554172899,
  "default_p_series": [
    19.4356,
    2.26766,
    0.506173,
    0.0204854
  ],
  "auto_p_series": [
    0.003173,
    0.00040699,
    0.000111416,
    2.7849e-5
  ],
  "tacotier_length": 16,
  "tacotier_bench": [
    0.00313915,
    0.00344646,
    0.00323726,
    0.00388787,
    0.00340445,
    0.00395982,
    0.00343333,
    0.00314157,
    0.00346036,
    0.00390984,
    0.00318944,
    0.00340041,
    0.00389025,
    0.00347145,
    0.00347449,
    0.00343078
  ],
  "tacotier_filter_time": 4.257398083,
  "p_series": [
    0.010000000000000002,
    0.0010000000000000002,
    0.00010000000000000005,
    1.0000000000000003e-5
  ],
  "sample_mean_tacoverse_bench": 0.003273220833333333,
  "frontier_filter_time": 18.014477653,
  "default_n_series": [
    1.0033e-5,
    2.514e-5,
    0.0186574,
    19.4761
  ],
  "universe_length": 144,
  "auto_n_series": [
    1.0343e-5,
    1.1468e-5,
    4.7099e-5,
    0.0031409
  ],
  "universe_build_time": 0.193885681,
  "tacoverse_length": 24
}
