{
  "default_kernel_bench": 0.195838,
  "frontier_length": 4,
  "n_series": [
    16,
    32,
    64,
    128,
    256,
    512,
    1024,
    2048,
    4096,
    8192,
    16384,
    32768,
    65536
  ],
  "tacoverse_build_time": 0.019845714,
  "default_p_series": [
    0.192613,
    0.0210611,
    0.00116122,
    0.000507217
  ],
  "auto_p_series": [
    0.195527,
    0.0211706,
    0.00119995,
    0.000507681
  ],
  "tacotier_length": 4,
  "tacotier_bench": [
    0.222974,
    0.222577,
    0.194862,
    0.196446
  ],
  "N": 65536,
  "tacotier_filter_time": 0.12934205,
  "p_series": [
    0.010000000000000002,
    0.0010000000000000002,
    0.00010000000000000005,
    1.0000000000000003e-5
  ],
  "sample_mean_tacoverse_bench": 0.20838425,
  "frontier_filter_time": 0.21574266,
  "default_n_series": [
    7.237e-6,
    8.616e-6,
    7.478e-6,
    7.609e-6,
    8.344e-6,
    1.1232e-5,
    2.4676e-5,
    6.1394e-5,
    0.000198377,
    0.00079638,
    0.00400473,
    0.0383321,
    0.194479
  ],
  "universe_length": 8,
  "auto_n_series": [
    7.376e-6,
    7.355e-6,
    7.368e-6,
    7.667e-6,
    9.061e-6,
    1.1325e-5,
    2.6871e-5,
    6.6563e-5,
    0.000214026,
    0.000809282,
    0.00395295,
    0.0378134,
    0.193626
  ],
  "universe_build_time": 0.00487981,
  "tacoverse_length": 4
}
