{
  "default_kernel_bench": 0.00287642,
  "frontier_length": 4,
  "n_series": [
    8,
    16,
    32,
    64,
    128,
    256,
    512,
    1024,
    2048,
    4096,
    8192
  ],
  "tacoverse_build_time": 0.016167953,
  "default_p_series": [
    0.0052285100000000004,
    0.00217729,
    0.001026956,
    0.000548602,
    0.000310641,
    0.000206874,
    0.00016298200000000002,
    0.000134726,
    0.00010706100000000001,
    7.872100000000001e-5,
    5.2957e-5
  ],
  "auto_p_series": [
    0.00554739,
    0.002237465,
    0.001041749,
    0.0005474280000000001,
    0.000308138,
    0.000209248,
    0.000163275,
    0.00013430200000000002,
    0.00010539200000000001,
    7.831e-5,
    5.2777000000000006e-5
  ],
  "tacotier_length": 4,
  "tacotier_bench": [
    0.004852548,
    0.0028850290000000003,
    0.002911602,
    0.004824058
  ],
  "N": 16384,
  "tacotier_filter_time": 0.084310171,
  "p_series": [
    0.015625,
    0.0078125,
    0.00390625,
    0.001953125,
    0.0009765625,
    0.00048828125,
    0.000244140625,
    0.0001220703125,
    6.103515625e-5,
    3.0517578125e-5,
    1.52587890625e-5
  ],
  "frontier_filter_time": 0.138618047,
  "default_n_series": [
    5.976e-6,
    7.477000000000001e-6,
    7.2950000000000005e-6,
    5.699e-6,
    6.205000000000001e-6,
    6.796000000000001e-6,
    8.664e-6,
    1.9431e-5,
    4.6659e-5,
    0.00015057200000000002,
    0.000599311
  ],
  "universe_length": 8,
  "auto_n_series": [
    6.209e-6,
    5.65e-6,
    5.795e-6,
    5.7290000000000005e-6,
    7.808e-6,
    6.481e-6,
    8.481e-6,
    1.879e-5,
    4.9974000000000006e-5,
    0.00016200600000000002,
    0.000599914
  ],
  "universe_build_time": 0.003588089,
  "tacoverse_length": 4
}
