{
  "default_kernel_bench": 13.9001,
  "frontier_length": 28,
  "n_series": [
    10,
    100,
    1000,
    10000
  ],
  "tacoverse_build_time": 0.293195066,
  "default_p_series": [
    12.4176,
    1.79679,
    0.412164,
    0.0191583
  ],
  "auto_p_series": [
    0.00225438,
    0.000478967,
    0.00026666,
    0.000170548
  ],
  "tacotier_length": 16,
  "tacotier_bench": [
    0.00180158,
    0.00237851,
    0.00194092,
    0.0022132,
    0.00247531,
    0.00234852,
    0.00241296,
    0.00221834,
    0.00210235,
    0.00236141,
    0.0023838,
    0.00237056,
    0.00254537,
    0.00251115,
    0.00222703,
    0.0022184
  ],
  "tacotier_filter_time": 2.465415182,
  "p_series": [
    0.010000000000000002,
    0.0010000000000000002,
    0.00010000000000000002,
    1.0000000000000003e-5
  ],
  "sample_mean_tacoverse_bench": 0.001968532,
  "frontier_filter_time": 9.630552818,
  "default_n_series": [
    0.000160239,
    0.000199694,
    0.0169169,
    12.6699
  ],
  "universe_length": 144,
  "auto_n_series": [
    0.000164233,
    0.000205205,
    0.000254416,
    0.00223556
  ],
  "universe_build_time": 0.109075991,
  "tacoverse_length": 24
}
