{
  "default_kernel_bench": 0.198023,
  "frontier_length": 28,
  "n_series": [
    10,
    100,
    1000,
    10000
  ],
  "tacoverse_build_time": 0.601143929,
  "default_p_series": [
    0.198822,
    0.00440349,
    0.000218812,
    4.1738e-5
  ],
  "auto_p_series": [
    0.00318149,
    0.000404896,
    0.000109687,
    2.851e-5
  ],
  "tacotier_length": 16,
  "tacotier_bench": [
    0.00386482,
    0.00388796,
    0.00315351,
    0.00337972,
    0.00314284,
    0.00349469,
    0.00344001,
    0.00337757,
    0.00320327,
    0.00349848,
    0.0031518,
    0.00388906,
    0.00393439,
    0.00345446,
    0.00349357,
    0.00348855
  ],
  "tacotier_filter_time": 4.21615066,
  "p_series": [
    0.010000000000000002,
    0.0010000000000000002,
    0.00010000000000000005,
    1.0000000000000003e-5
  ],
  "sample_mean_tacoverse_bench": 0.0033087499999999996,
  "frontier_filter_time": 18.330781533,
  "default_n_series": [
    1.0373e-5,
    1.0653e-5,
    0.000238929,
    0.197018
  ],
  "universe_length": 144,
  "auto_n_series": [
    1.0968e-5,
    1.1526e-5,
    4.5765e-5,
    0.00317241
  ],
  "universe_build_time": 0.199369225,
  "tacoverse_length": 24
}
