{
  "default_kernel_bench": 1.03906,
  "frontier_length": 20,
  "n_series": [
    8,
    16,
    32,
    64,
    128,
    256,
    512,
    1024,
    2048,
    4096
  ],
  "tacoverse_build_time": 13.594235187,
  "default_p_series": [
    2.04125,
    0.768103,
    0.44045,
    0.341701,
    0.294137,
    0.241738,
    0.157262,
    0.0733513,
    0.0267254,
    0.00841464,
    0.00227314
  ],
  "auto_p_series": [
    0.31994,
    0.105366,
    0.0407328,
    0.0255033,
    0.0219839,
    0.0208231,
    0.0160545,
    0.00861909,
    0.0037124,
    0.00118792,
    0.000399295
  ],
  "tacotier_length": 26,
  "tacotier_bench": [
    0.564399,
    0.562639,
    1.0101,
    0.591021,
    0.588362,
    1.00602,
    0.563281,
    1.01994,
    0.56275,
    0.591277,
    0.563532,
    0.547383,
    0.563813,
    0.155421,
    0.565239,
    0.565664,
    1.00815,
    0.99984,
    0.590141,
    0.565516,
    1.02532,
    0.549773,
    0.159648,
    1.00999,
    1.02402,
    0.564576
  ],
  "N": 8192,
  "tacotier_filter_time": 95.94158066,
  "p_series": [
    0.015625,
    0.0078125,
    0.00390625,
    0.001953125,
    0.0009765625,
    0.00048828125,
    0.000244140625,
    0.0001220703125,
    6.103515625e-5,
    3.0517578125e-5,
    1.52587890625e-5
  ],
  "sample_mean_tacoverse_bench": 3.6624374800000004,
  "frontier_filter_time": 22628.375458617,
  "default_n_series": [
    1.3369e-5,
    1.3452e-5,
    1.3841e-5,
    1.5422e-5,
    4.3717e-5,
    0.000218216,
    0.00109583,
    0.00494068,
    0.024787,
    0.159737
  ],
  "universe_length": 119296,
  "auto_n_series": [
    1.4064e-5,
    1.3838e-5,
    1.3862e-5,
    1.4166e-5,
    1.7056e-5,
    2.8538e-5,
    0.000100674,
    0.000423806,
    0.00276004,
    0.0176056
  ],
  "universe_build_time": 31.475468921,
  "tacoverse_length": 368
}
